Domain,Component,Function
TECHNICAL & DEVICE SYSTEMS,AR / Neural Devices,"Human–machine interface, sensory expansion, field control"
TECHNICAL & DEVICE SYSTEMS,EVOL Armor Units,"Adaptive kinetic armor for defense, ritual, and athletics"
TECHNICAL & DEVICE SYSTEMS,Vehicle Systems,Dimension-sync propulsion; “breath-to-motion” converter
TECHNICAL & DEVICE SYSTEMS,Bio-Tech Systems,Health and ecosystem regeneration
TECHNICAL & DEVICE SYSTEMS,BLEUE Device Registry,Cross-sector device integration for education and simulation
MATHEMATICS & PHYSICS,Reciprocal Spiral Math,Governs breath-to-motion feedback and reciprocal energy flow
MATHEMATICS & PHYSICS,π⁴ Compounding Law,Symbolic compounding for economic and energy growth
MATHEMATICS & PHYSICS,Golden-Time Constant,Rhythmic synchrony of universal cycles
MATHEMATICS & PHYSICS,Quarter-Lattice,Harmonic tick system (Meta-Clock)
MATHEMATICS & PHYSICS,Melanin Math,Restoration physics: bio-electrical equilibrium
SCIENCE & COSMIC INFRASTRUCTURE,Celestial Mechanics,Planetary and interdimensional alignment matrix
SCIENCE & COSMIC INFRASTRUCTURE,Bio–Energetics,Transformation of breath → blueprint → planetary law
SCIENCE & COSMIC INFRASTRUCTURE,Neural Physics,Self-regulating intelligence grid (civil–spiritual balance)
SCIENCE & COSMIC INFRASTRUCTURE,Hydro–Aero Systems,"Climate, water, and energy synchronization"
SCIENCE & COSMIC INFRASTRUCTURE,Pyro–Terra Systems,Planetary regeneration + defense network foundation
MILITARY & DEFENSE SYSTEMS,EVØL WARPACK,"Planetary shield, logistics, and subterranean infrastructure"
MILITARY & DEFENSE SYSTEMS,Cryo-Optic Warfare,Density freeze & truth detection layers
MILITARY & DEFENSE SYSTEMS,ZA Division,Reflective matrix-based planetary barrier
MILITARY & DEFENSE SYSTEMS,SmartAD Master Grid,Defense–commerce dual yield
MILITARY & DEFENSE SYSTEMS,Hellrazor Unit,"Hypersonic, closed-loop energy combat vehicle"
SYMBOLIC & CEREMONIAL SYSTEMS,BLEU Codex Scrolls,"Linguistic, mathematical, and metaphysical law"
SYMBOLIC & CEREMONIAL SYSTEMS,BLEUE ∞ GRID,Unified civilizational curriculum and symbolic governance
SYMBOLIC & CEREMONIAL SYSTEMS,Archetypal Divisions,Tactical–spiritual hierarchy
SYMBOLIC & CEREMONIAL SYSTEMS,BLEU Bills,Ritual–bureaucratic currency and entitlements
SYMBOLIC & CEREMONIAL SYSTEMS,Council of Twelve Governors,Governance of sectors and scroll assets
EDUCATION & CIVILIZATION ENGINEERING,MetaSchool Curriculum,Tiers mapped to simulation unlocks and civic inheritance
EDUCATION & CIVILIZATION ENGINEERING,Codex Calculators,API-accessible logic across BLEUE GRID
EDUCATION & CIVILIZATION ENGINEERING,Curriculum Toolbox,"Standardized, auditable learning framework"
EDUCATION & CIVILIZATION ENGINEERING,Vault Architecture,Governance + audit + inheritance logs
EDUCATION & CIVILIZATION ENGINEERING,Glyph Language Engine,Semantic translation + cross-sector logic
ECONOMIC & GOVERNANCE SYSTEMS,Blu-Tillion (BT),Social & educational yield
ECONOMIC & GOVERNANCE SYSTEMS,Zioniare (ZN),Defense & infrastructure yield
ECONOMIC & GOVERNANCE SYSTEMS,Azaean (AZ),Metaphysical & meta-education yield
ECONOMIC & GOVERNANCE SYSTEMS,ΔTLA Law,Planetary adaptive constitution
ECONOMIC & GOVERNANCE SYSTEMS,BLEUE Treasury Engine,Real-time symbolic economy & education linkage
ENVIRONMENTAL & INFRASTRUCTURE GRID,RainYield / Black Atom / Pyro Chamber,Infinite-loop clean energy
ENVIRONMENTAL & INFRASTRUCTURE GRID,"HydroChamber, E.SOIL",Circular economy & climate resilience
ENVIRONMENTAL & INFRASTRUCTURE GRID,BLEUE Bio-Cities,Living infrastructure / regenerative design
ENVIRONMENTAL & INFRASTRUCTURE GRID,EVOL Avatars / SmartEVOL Vehicles,"Car as Codex Avatar (transport, data, ritual)"
ENVIRONMENTAL & INFRASTRUCTURE GRID,XX/YY Protocol,Sovereign restoration & ecological reparations
CULTURE & MEDIA,EVOL Studios,Civilian engagement & visual storytelling
CULTURE & MEDIA,MetaVault Archives,Historical restoration + cultural rights
CULTURE & MEDIA,ARIEL Fortress,"Protection of memory, sovereignty, and creative rights"
